year;state;statedebt;localdebt;statelocaldebt;gsp;realgrowth;population
2017;California;182072.90;282176.30;464249.20;2702330.00;0.03;39.50
2017;New York;141631.60;212050.10;353681.70;1557580.00;0.02;19.70
2017;Texas;43443.30;229179.00;272622.40;1640540.00;0.03;28.30
2017;Florida;34484.60;146331.60;180816.20;969470.00;0.03;21.00
2017;Illinois;72741.50;82511.70;155253.20;841337.00;0.03;12.80
2017;Pennsylvania;49904.70;76253.30;126158.00;734723.00;0.02;12.80
2017;New Jersey;71876.20;31772.00;103648.10;615229.00;0.02;9.00
2017;Ohio;35788.50;59130.30;94918.80;652973.00;0.02;11.60
2017;Washington;38037.50;53103.60;91141.10;483923.00;0.03;7.40
2017;Massachusetts;72650.80;15499.40;88150.10;517751.00;0.03;6.80
2017;Michigan;35054.10;44797.30;79851.40;505865.00;0.02;9.90
2017;Virginia;27792.00;39402.80;67194.80;517730.00;0.02;8.50
2017;Georgia;14089.40;48898.10;62987.50;541281.00;0.03;10.40
2017;Colorado;18776.40;38345.20;57121.60;337609.00;0.03;5.60
2017;Maryland;27876.30;25753.90;53630.20;392887.00;0.02;6.00
2017;Minnesota;19611.90;32016.40;51628.30;360354.00;0.03;5.60
2017;Missouri;18976.40;30697.10;49673.60;315871.00;0.02;6.10
2017;Indiana;18670.50;30273.60;48944.10;362788.00;0.02;6.70
2017;North Carolina;15923.80;32956.40;48880.20;546580.00;0.03;10.30
2017;Arizona;14993.80;33603.30;48597.10;311810.00;0.02;7.00
2017;Connecticut;36012.50;12554.20;48566.70;277152.00;0.02;3.60
2017;South Carolina;16372.90;29734.30;46107.20;216400.00;0.03;5.00
2017;Wisconsin;21134.00;20371.70;41505.70;331344.00;0.02;5.80
2017;Louisiana;19951.90;21100.90;41052.90;251527.00;0.02;4.70
2017;Kentucky;14889.00;23759.80;38648.80;208954.00;0.02;4.40
2017;Oregon;16134.80;21849.10;37984.00;237050.00;0.03;4.20
2017;Tennessee;5892.60;25706.30;31598.90;341989.00;0.03;6.70
2017;Alabama;8802.20;21931.40;30733.70;219541.00;0.02;4.90
2017;Nevada;3503.90;22526.90;26030.80;154768.00;0.03;3.00
2017;Kansas;6674.20;18937.50;25611.70;155188.00;0.02;2.90
2017;Utah;7993.40;14235.90;22229.30;160017.00;0.03;3.10
2017;Iowa;6799.90;14223.70;21023.60;184757.00;0.02;3.10
2017;Arkansas;6485.70;14173.60;20659.30;130493.00;0.02;3.00
2017;Oklahoma;7876.40;9938.80;17815.20;180364.00;0.02;3.90
2017;District of Columbia;2502.40;15073.20;17575.60;133857.00;0.03;0.70
2017;Nebraska;2093.10;14161.80;16254.90;122114.00;0.03;1.90
2017;Mississippi;7215.90;7242.50;14458.30;113732.00;0.02;3.00
2017;Hawaii;8836.80;5609.20;14446.00;86488.00;0.02;1.40
2017;New Mexico;6104.80;8102.50;14207.30;94003.00;0.02;2.10
2017;West Virginia;9408.50;3571.10;12979.50;76279.00;0.02;1.80
2017;Rhode Island;9283.90;2627.10;11911.10;61409.00;0.02;1.10
2017;New Hampshire;7082.80;2629.10;9711.90;77850.00;0.02;1.30
2017;Maine;5822.10;2922.30;8744.40;60541.00;0.02;1.30
2017;Alaska;5343.50;2542.90;7886.40;51264.00;0.02;0.70
2017;Delaware;4679.10;2466.30;7145.40;73553.00;0.03;1.00
2017;Idaho;3608.40;3256.10;6864.50;69855.00;0.03;1.70
2017;North Dakota;1992.30;4097.40;6089.70;54510.00;0.01;0.80
2017;Montana;3236.80;2423.90;5660.60;49117.00;0.03;1.10
2017;South Dakota;2894.90;2553.70;5448.60;49697.00;0.02;0.90
2017;Vermont;3282.30;1437.30;4719.60;32410.00;0.02;0.60
2017;Wyoming;869.40;1156.30;2025.70;38496.00;0.02;0.60
2016;California;172280.40;276352.00;448632.50;2564830.00;0.02;39.30
2016;New York;139301.80;209728.40;349030.20;1487760.00;0.01;19.70
2016;Texas;42900.30;228031.70;270932.00;1592800.00;0.02;27.90
2016;Florida;34734.00;137586.20;172320.20;920457.00;0.02;20.60
2016;Illinois;70340.70;82214.10;152554.70;802312.00;0.01;12.80
2016;Pennsylvania;49004.80;76988.10;125992.90;705422.00;0.01;12.80
2016;New Jersey;69808.20;31967.60;101775.80;587251.00;0.01;8.90
2016;Ohio;34994.40;56869.90;91864.30;625254.00;0.01;11.60
2016;Massachusetts;72602.40;15856.60;88459.00;493661.00;0.01;6.80
2016;Washington;35513.00;51475.90;86988.90;460649.00;0.02;7.30
2016;Michigan;33846.30;44599.10;78445.40;482617.00;0.01;9.90
2016;Virginia;27607.10;38703.30;66310.40;494845.00;0.01;8.40
2016;Georgia;13791.70;47047.40;60839.10;515041.00;0.01;10.30
2016;Colorado;18159.00;37798.20;55957.10;323456.00;0.02;5.50
2016;Maryland;27288.10;24994.80;52283.00;375417.00;0.01;6.00
2016;Minnesota;18435.70;32136.50;50572.20;344156.00;0.01;5.50
2016;North Carolina;16340.00;32508.40;48848.30;519636.00;0.01;10.10
2016;Indiana;19237.10;29448.20;48685.30;346827.00;0.01;6.60
2016;Missouri;18882.10;29597.50;48479.50;302157.00;0.01;6.10
2016;Arizona;14721.10;33641.50;48362.50;298647.00;0.00;6.90
2016;Connecticut;35039.80;12162.30;47202.10;265550.00;0.00;3.60
2016;South Carolina;15903.40;28998.60;44902.00;206117.00;0.01;5.00
2016;Wisconsin;21286.80;20339.90;41626.70;316200.00;0.01;5.80
2016;Louisiana;19639.80;21000.90;40640.60;244238.00;0.01;4.70
2016;Kentucky;14788.30;24072.70;38861.10;200101.00;0.00;4.40
2016;Oregon;15577.80;21484.20;37062.00;224855.00;0.02;4.10
2016;Tennessee;5895.30;26364.00;32259.30;325798.00;0.01;6.70
2016;Alabama;8780.60;21870.50;30651.10;210136.00;0.01;4.90
2016;Nevada;3534.90;22404.20;25939.10;147083.00;0.01;2.90
2016;Kansas;6624.70;18942.60;25567.30;149825.00;0.00;2.90
2016;Utah;7754.00;13781.20;21535.20;152480.00;0.02;3.10
2016;Iowa;6454.70;13674.90;20129.50;177692.00;0.00;3.10
2016;Arkansas;6164.30;13355.70;19520.10;125594.00;0.01;3.00
2016;Oklahoma;8212.80;9851.10;18063.90;177231.00;0.01;3.90
2016;Nebraska;2030.40;13821.30;15851.70;117036.00;0.01;1.90
2016;District of Columbia;1361.50;14414.00;15775.50;127336.00;0.01;0.70
2016;New Mexico;6318.60;8296.00;14614.60;91742.00;0.00;2.10
2016;Hawaii;8703.90;5644.50;14348.30;82506.00;0.01;1.40
2016;Mississippi;7151.00;7180.00;14331.00;109355.00;0.00;3.00
2016;West Virginia;8988.90;3543.50;12532.50;74051.00;0.00;1.80
2016;Rhode Island;9258.00;2625.50;11883.60;58748.00;0.00;1.10
2016;New Hampshire;7325.50;2614.20;9939.70;74573.00;0.00;1.30
2016;Maine;5708.10;2921.20;8629.30;58055.00;0.00;1.30
2016;Alaska;5562.20;2682.20;8244.40;50881.00;-0.01;0.70
2016;Delaware;4832.60;2464.60;7297.20;70265.00;0.01;1.00
2016;Idaho;3588.30;3062.70;6650.90;66961.00;0.01;1.70
2016;North Dakota;1965.20;3906.80;5872.00;53666.00;-0.01;0.80
2016;Montana;3265.60;2278.40;5543.90;47105.00;0.02;1.00
2016;South Dakota;2976.50;2513.30;5489.80;47737.00;0.01;0.90
2016;Vermont;3268.30;1382.90;4651.20;31118.00;0.00;0.60
2016;Wyoming;880.90;1127.10;2008.00;37867.00;0.00;0.60
2015;California;162253.50;271948.10;434201.60;2458540.00;0.04;39.00
2015;New York;137597.50;208562.90;346160.40;1441000.00;0.01;19.70
2015;Texas;42422.10;227540.10;269962.20;1586470.00;0.04;27.40
2015;Florida;35337.50;128475.20;163812.70;882798.00;0.03;20.20
2015;Illinois;68060.00;82511.10;150571.10;775007.00;0.02;12.80
2015;Pennsylvania;48253.10;78343.00;126596.00;689173.00;0.02;12.80
2015;New Jersey;67901.50;32443.90;100345.40;568155.00;0.02;8.90
2015;Massachusetts;73120.50;16404.10;89524.70;476743.00;0.02;6.80
2015;Ohio;34300.00;54596.60;88896.60;608109.00;0.02;11.60
2015;Washington;32825.30;49980.30;82805.50;443665.00;0.03;7.20
2015;Michigan;32683.40;44712.30;77395.70;466536.00;0.01;9.90
2015;Virginia;27592.10;38162.40;65754.50;479809.00;0.01;8.40
2015;Georgia;13555.60;45255.90;58811.50;495727.00;0.03;10.20
2015;Colorado;17553.90;37410.20;54964.20;314878.00;0.04;5.40
2015;Maryland;26796.30;24284.20;51080.50;363845.00;0.02;6.00
2015;Minnesota;17185.90;32520.80;49706.70;333267.00;0.02;5.50
2015;North Carolina;16972.00;32258.20;49230.20;499449.00;0.03;10.00
2015;Indiana;20046.90;28689.10;48735.90;336411.00;0.02;6.60
2015;Arizona;14500.60;33918.30;48419.00;290578.00;0.01;6.80
2015;Missouri;18906.20;28511.50;47417.70;293378.00;0.01;6.10
2015;Connecticut;34130.10;11782.40;45912.60;258532.00;0.01;3.60
2015;South Carolina;15478.60;28366.20;43844.80;198714.00;0.02;4.90
2015;Wisconsin;21816.00;20459.60;42275.60;305795.00;0.02;5.80
2015;Louisiana;19345.40;20961.60;40307.00;243317.00;0.02;4.70
2015;Kentucky;14771.90;24609.00;39380.90;194643.00;0.01;4.40
2015;Oregon;15061.40;21248.60;36309.90;215331.00;0.04;4.00
2015;Tennessee;5946.30;27354.90;33301.20;314191.00;0.02;6.60
2015;Alabama;8816.90;21952.50;30769.40;204235.00;0.02;4.90
2015;Nevada;3602.20;22453.50;26055.60;141282.00;0.03;2.90
2015;Kansas;6734.80;19044.60;25779.40;147765.00;0.00;2.90
2015;Utah;7533.70;13355.20;20889.00;147108.00;0.03;3.00
2015;Iowa;6085.60;13108.60;19194.20;174103.00;0.01;3.10
2015;Oklahoma;8617.10;9757.90;18375.00;180425.00;0.01;3.90
2015;Arkansas;4927.60;12467.90;17395.50;123207.00;0.02;3.00
2015;Nebraska;1970.10;13512.60;15482.70;113998.00;0.02;1.90
2015;New Mexico;6586.60;8545.40;15132.00;92231.00;0.01;2.10
2015;Hawaii;8614.70;5730.30;14345.00;79745.00;0.02;1.40
2015;Mississippi;7117.30;7149.40;14266.80;107100.00;0.01;3.00
2015;District of Columbia;25.10;13757.00;13782.10;122510.00;0.03;0.70
2015;West Virginia;8528.60;3524.50;12053.20;73741.00;0.00;1.80
2015;Rhode Island;9293.70;2642.50;11936.20;57049.00;0.01;1.10
2015;New Hampshire;7662.30;2614.60;10276.90;72573.00;0.01;1.30
2015;Alaska;5812.00;2842.50;8654.50;52804.00;-0.01;0.70
2015;Maine;5611.30;2939.20;8550.50;56600.00;0.00;1.30
2015;Delaware;5066.20;2481.10;7547.30;68071.00;0.02;0.90
2015;Idaho;3588.50;2854.90;6443.40;65242.00;0.02;1.70
2015;North Dakota;1934.40;3684.70;5619.20;54830.00;-0.02;0.80
2015;South Dakota;3091.20;2481.30;5572.50;46674.00;0.02;0.90
2015;Montana;3321.10;2121.60;5442.80;45933.00;0.04;1.00
2015;Vermont;3272.40;1327.50;4599.90;30401.00;0.00;0.60
2015;Wyoming;895.10;1093.70;1988.70;38624.00;0.00;0.60
2014;California;156807.90;269069.70;425877.60;2325000.00;0.03;38.70
2014;New York;136440.70;208482.60;344923.30;1385780.00;0.01;19.70
2014;Texas;41855.10;226937.80;268792.90;1601980.00;0.04;26.90
2014;Florida;36348.20;118793.50;155141.70;835578.00;0.03;19.90
2014;Illinois;65831.50;83424.10;149255.60;742028.00;0.01;12.90
2014;Pennsylvania;47572.60;80274.50;127847.10;672413.00;0.02;12.80
2014;New Jersey;66090.00;33215.70;99305.60;545374.00;0.01;8.90
2014;Massachusetts;74234.60;17163.30;91397.90;456273.00;0.02;6.70
2014;Ohio;33662.00;52203.20;85865.30;588827.00;0.03;11.60
2014;Washington;31601.00;48587.90;80188.90;422767.00;0.03;7.10
2014;Michigan;31528.10;45143.20;76671.30;447221.00;0.02;9.90
2014;Virginia;27739.10;37751.80;65490.90;462243.00;0.00;8.30
2014;Georgia;13380.20;43485.30;56865.40;471879.00;0.03;10.10
2014;Colorado;16929.30;37142.40;54071.70;305367.00;0.04;5.30
2014;North Carolina;17853.20;32218.90;50072.20;474355.00;0.02;9.90
2014;Maryland;26378.60;23593.00;49971.60;350262.00;0.02;6.00
2014;Indiana;21120.30;27962.20;49082.50;324289.00;0.02;6.60
2014;Minnesota;15818.40;33177.90;48996.30;320381.00;0.03;5.50
2014;Arizona;14315.80;34420.80;48736.60;281559.00;0.02;6.70
2014;Missouri;19041.60;27391.70;46433.30;283280.00;0.01;6.10
2014;Connecticut;33229.60;11393.90;44623.50;250764.00;0.01;3.60
2014;Wisconsin;22367.80;20734.90;43102.60;293341.00;0.02;5.80
2014;South Carolina;15089.30;27825.30;42914.60;189656.00;0.03;4.80
2014;Kentucky;14830.00;25370.60;40200.60;188518.00;0.01;4.40
2014;Louisiana;18996.10;20912.20;39908.30;245791.00;0.02;4.60
2014;Oregon;14583.10;21156.30;35739.50;203328.00;0.01;4.00
2014;Tennessee;6049.20;28721.60;34770.70;300016.00;0.02;6.50
2014;Alabama;8907.70;22168.50;31076.20;197535.00;0.01;4.80
2014;Nevada;3520.80;22693.10;26213.90;134052.00;0.03;2.80
2014;Kansas;6742.70;19205.30;25948.00;146562.00;0.01;2.90
2014;Utah;7327.10;12947.00;20274.20;140565.00;0.02;2.90
2014;Iowa;6343.50;12488.50;18832.00;170715.00;0.03;3.10
2014;Oklahoma;9047.50;9598.60;18646.10;190171.00;0.03;3.90
2014;Arkansas;4533.30;11463.30;15996.60;121065.00;0.02;3.00
2014;New Mexico;6887.00;8819.50;15706.50;94792.00;0.03;2.10
2014;Nebraska;1908.70;13215.20;15123.90;110663.00;0.02;1.90
2014;Hawaii;8426.60;5869.80;14296.40;76425.00;0.01;1.40
2014;Mississippi;7104.10;7139.90;14244.00;104938.00;0.00;3.00
2014;District of Columbia;0.00;13087.20;13087.20;116539.00;0.02;0.70
2014;Rhode Island;9388.10;2677.30;12065.40;55098.00;0.02;1.10
2014;West Virginia;7986.60;3502.00;11488.60;74433.00;0.01;1.80
2014;New Hampshire;8098.90;2628.50;10727.40;70345.00;0.02;1.30
2014;Alaska;6048.60;3002.80;9051.40;58067.00;-0.04;0.70
2014;Maine;5473.90;2974.30;8448.10;55029.00;0.01;1.30
2014;Delaware;5354.30;2515.80;7870.10;65485.00;0.04;0.90
2014;Idaho;3606.30;2623.70;6230.00;63364.00;0.02;1.60
2014;South Dakota;3239.20;2453.70;5692.90;45600.00;0.00;0.90
2014;Montana;3402.20;1946.80;5349.00;44672.00;0.02;1.00
2014;North Dakota;1886.90;3402.40;5289.20;58230.00;0.06;0.70
2014;Vermont;3291.20;1267.90;4559.10;29662.00;0.02;0.60
2014;Wyoming;929.50;1048.30;1977.80;40876.00;0.01;0.60
2013;California;152186.00;268455.90;420641.90;2215230.00;0.03;38.30
2013;New York;136014.50;210331.70;346346.20;1335060.00;0.00;19.70
2013;Texas;39624.70;226602.70;266227.40;1527160.00;0.04;26.50
2013;Illinois;63660.30;85012.50;148672.80;720495.00;-0.01;12.90
2013;Florida;37892.20;108498.20;146390.40;797344.00;0.02;19.60
2013;Pennsylvania;47020.60;83016.00;130036.50;645382.00;0.01;12.80
2013;New Jersey;64264.10;34828.70;99092.80;530091.00;0.00;8.90
2013;Massachusetts;76160.50;19206.90;95367.40;438641.00;-0.01;6.70
2013;Ohio;33145.70;49676.90;82822.70;558969.00;0.01;11.60
2013;Washington;30474.30;46980.70;77455.00;402789.00;0.01;7.00
2013;Michigan;30377.20;45984.30;76361.50;431112.00;0.02;9.90
2013;Virginia;28022.70;37473.00;65495.70;451877.00;0.00;8.30
2013;Georgia;13293.00;41746.30;55039.30;450934.00;0.02;10.00
2013;Colorado;16309.20;37091.50;53400.70;288809.00;0.02;5.30
2013;North Carolina;19054.60;32462.70;51517.30;454450.00;0.01;9.80
2013;Indiana;22564.00;27300.80;49864.90;310669.00;0.02;6.60
2013;Arizona;14186.90;35107.80;49294.70;271072.00;0.00;6.60
2013;Maryland;26066.60;22939.10;49005.70;337422.00;0.00;5.90
2013;Minnesota;13675.00;34453.10;48128.00;307216.00;0.03;5.40
2013;Missouri;19307.80;26267.00;45574.80;274540.00;0.02;6.00
2013;Wisconsin;23187.80;21216.30;44404.10;281549.00;0.01;5.70
2013;Connecticut;32356.80;10977.60;43334.40;242417.00;0.00;3.60
2013;South Carolina;14723.50;27397.00;42120.60;180856.00;0.01;4.80
2013;Kentucky;14983.70;26414.90;41398.60;182696.00;0.01;4.40
2013;Louisiana;18582.80;20824.10;39406.90;238308.00;-0.03;4.60
2013;Tennessee;6192.00;30582.10;36774.10;289266.00;0.01;6.50
2013;Oregon;13598.50;21237.10;34835.60;197733.00;-0.01;3.90
2013;Alabama;9055.20;22567.00;31622.20;191605.00;0.01;4.80
2013;Nevada;3609.80;23198.20;26807.90;126935.00;0.00;2.80
2013;Kansas;6825.30;19334.50;26159.70;142774.00;-0.01;2.90
2013;Utah;7049.60;12573.50;19623.00;134922.00;0.03;2.90
2013;Oklahoma;9514.30;9330.70;18845.00;182447.00;0.03;3.90
2013;Iowa;6679.10;11832.30;18511.50;163495.00;0.01;3.10
2013;New Mexico;7232.90;9130.30;16363.20;91344.00;-0.01;2.10
2013;Nebraska;1846.60;12961.20;14807.80;107188.00;0.03;1.90
2013;Hawaii;8318.40;6128.90;14447.30;74012.00;0.01;1.40
2013;Mississippi;7112.60;7151.30;14263.90;103270.00;-0.01;3.00
2013;Arkansas;3947.20;10048.10;13995.30;116651.00;0.03;3.00
2013;District of Columbia;0.00;12408.70;12408.70;111816.00;0.00;0.60
2013;Rhode Island;9568.80;2742.10;12310.90;52809.00;0.01;1.10
2013;New Hampshire;8763.30;2667.80;11431.10;67307.00;0.00;1.30
2013;West Virginia;7355.60;3491.80;10847.50;72763.00;0.01;1.90
2013;Alaska;6218.40;3483.40;9701.70;59891.00;-0.05;0.70
2013;Maine;5374.50;3031.50;8406.00;53300.00;-0.01;1.30
2013;Delaware;5754.60;2578.10;8332.70;61424.00;-0.01;0.90
2013;Idaho;3647.80;2318.20;5966.00;61111.00;0.03;1.60
2013;South Dakota;3425.40;2432.10;5857.50;44909.00;0.01;0.80
2013;Montana;3516.00;1748.50;5264.50;43223.00;0.01;1.00
2013;North Dakota;1834.30;2824.70;4659.00;54441.00;0.02;0.70
2013;Vermont;3330.20;1215.20;4545.50;28611.00;0.00;0.60
2013;Wyoming;1020.50;988.90;2009.40;40457.00;0.00;0.60
2012;California;153528.60;266605.40;420134.00;2121600.00;0.02;38.00
2012;New York;135884.10;204468.80;340352.80;1299810.00;0.03;19.60
2012;Texas;45626.40;225210.30;270836.70;1440820.00;0.05;26.10
2012;Florida;38171.00;108770.70;146941.80;764646.00;0.02;19.30
2012;Illinois;64301.80;81939.70;146241.40;712604.00;0.02;12.90
2012;Pennsylvania;46198.60;83253.90;129452.50;626316.00;0.01;12.80
2012;New Jersey;64851.60;38058.40;102910.00;518423.00;0.02;8.90
2012;Massachusetts;79523.60;16402.30;95925.90;432256.00;0.02;6.70
2012;Ohio;33602.50;47631.60;81234.10;544552.00;0.02;11.60
2012;Michigan;30823.70;46084.70;76908.40;417328.00;0.02;9.90
2012;Washington;29090.10;47031.40;76121.50;390154.00;0.03;6.90
2012;Virginia;27785.80;37534.50;65320.40;444528.00;0.01;8.20
2012;Georgia;13400.50;42412.20;55812.70;434978.00;0.01;9.90
2012;Colorado;15999.50;35374.90;51374.40;277647.00;0.02;5.20
2012;North Carolina;18291.70;32487.70;50779.40;439332.00;0.00;9.70
2012;Indiana;22511.50;27407.90;49919.50;299906.00;0.00;6.50
2012;Arizona;14507.40;34959.30;49466.70;266131.00;0.02;6.50
2012;Minnesota;13230.20;35142.00;48372.20;294729.00;0.01;5.40
2012;Missouri;20385.50;25824.10;46209.60;265178.00;0.01;6.00
2012;Maryland;25812.90;20339.00;46151.90;331424.00;0.00;5.90
2012;Wisconsin;22995.70;20577.70;43573.40;273880.00;0.01;5.70
2012;Connecticut;31965.50;10869.80;42835.30;238322.00;0.00;3.60
2012;Kentucky;15103.50;27479.40;42582.90;178210.00;0.01;4.40
2012;South Carolina;14854.30;26124.20;40978.50;175434.00;0.00;4.70
2012;Louisiana;18728.90;20533.40;39262.30;243308.00;0.01;4.60
2012;Tennessee;6167.70;30893.80;37061.40;280843.00;0.03;6.50
2012;Oregon;13826.20;20723.60;34549.80;196982.00;-0.03;3.90
2012;Alabama;8719.40;20596.70;29316.10;187283.00;0.01;4.80
2012;Nevada;3896.70;24837.70;28734.40;125205.00;0.00;2.80
2012;Kansas;6860.10;19889.50;26749.60;141600.00;0.01;2.90
2012;Utah;7067.10;12654.20;19721.40;129012.00;0.01;2.90
2012;Oklahoma;9979.20;8862.00;18841.20;173911.00;0.05;3.80
2012;Iowa;6166.10;12002.30;18168.40;159096.00;0.04;3.10
2012;New Mexico;7550.10;8941.50;16491.60;90535.00;0.00;2.10
2012;Nebraska;2073.40;13035.90;15109.30;102163.00;0.00;1.90
2012;Mississippi;7194.30;7398.00;14592.30;102083.00;0.03;3.00
2012;Hawaii;8398.00;5627.00;14025.00;72100.00;0.01;1.40
2012;Arkansas;3655.70;10311.00;13966.70;111541.00;0.00;3.00
2012;Rhode Island;9211.80;2721.80;11933.60;51492.00;0.01;1.10
2012;District of Columbia;0.00;11603.80;11603.80;109760.00;0.00;0.60
2012;West Virginia;7306.80;3616.40;10923.20;70915.00;-0.02;1.90
2012;New Hampshire;8029.80;2759.40;10789.20;66013.00;0.01;1.30
2012;Alaska;5909.50;3590.00;9499.50;61614.00;0.06;0.70
2012;Maine;5605.60;3027.60;8633.20;52606.00;0.00;1.30
2012;Delaware;5796.90;2436.80;8233.70;60774.00;-0.01;0.90
2012;Idaho;3945.60;2301.60;6247.20;58545.00;0.00;1.60
2012;South Dakota;3607.60;2248.70;5856.30;43258.00;-0.01;0.80
2012;Montana;3995.40;1757.30;5752.70;42138.00;0.01;1.00
2012;North Dakota;2083.60;2864.60;4948.20;52197.00;0.22;0.70
2012;Vermont;3391.00;1197.10;4588.00;28146.00;0.00;0.60
2012;Wyoming;1321.80;1075.60;2397.40;39909.00;-0.04;0.60
2011;California;149671.00;271051.50;420722.50;2031350.00;0.01;37.70
2011;New York;134928.50;199723.50;334652.00;1231940.00;0.00;19.50
2011;Texas;38530.30;222034.20;260564.50;1351050.00;0.03;25.60
2011;Florida;43471.80;108563.10;152034.80;735244.00;-0.01;19.10
2011;Illinois;64801.40;80618.60;145420.00;679269.00;0.02;12.90
2011;Pennsylvania;45267.30;79594.40;124861.70;607403.00;0.01;12.70
2011;New Jersey;64004.70;38252.00;102256.70;497571.00;-0.01;8.80
2011;Massachusetts;79902.60;18297.20;98199.80;413673.00;0.02;6.60
2011;Ohio;32231.10;46861.40;79092.50;521870.00;0.03;11.50
2011;Washington;28153.60;45947.40;74100.90;372287.00;0.01;6.80
2011;Michigan;30975.30;42880.30;73855.60;401360.00;0.03;9.90
2011;Virginia;26479.50;37393.20;63872.70;431961.00;0.01;8.10
2011;Georgia;13402.60;40913.60;54316.20;418917.00;0.01;9.80
2011;Colorado;16335.30;35290.20;51625.40;266796.00;0.01;5.10
2011;North Carolina;18556.20;32778.40;51334.50;428731.00;0.01;9.70
2011;Arizona;14163.10;36088.40;50251.40;255621.00;0.02;6.50
2011;Indiana;22144.30;27549.00;49693.20;291890.00;0.00;6.50
2011;Minnesota;12896.90;33864.10;46761.00;284491.00;0.02;5.30
2011;Missouri;20682.30;25614.30;46296.60;256996.00;-0.01;6.00
2011;Maryland;25250.10;19353.30;44603.40;323942.00;0.02;5.80
2011;Wisconsin;22878.50;21324.90;44203.40;263635.00;0.02;5.70
2011;Kentucky;14751.50;27670.60;42422.10;172255.00;0.02;4.40
2011;Connecticut;30523.70;10930.50;41454.20;232271.00;-0.01;3.60
2011;South Carolina;15341.00;25771.70;41112.70;171153.00;0.02;4.70
2011;Louisiana;18447.20;20356.50;38803.70;236958.00;-0.05;4.60
2011;Tennessee;5899.40;31362.00;37261.40;264958.00;0.03;6.40
2011;Oregon;14308.60;20797.40;35106.00;200267.00;0.04;3.90
2011;Alabama;9067.30;20608.00;29675.30;181923.00;0.01;4.80
2011;Nevada;4201.10;24059.90;28261.00;122744.00;0.01;2.70
2011;Kansas;6893.00;20248.80;27141.80;137654.00;0.04;2.90
2011;Utah;7205.80;12925.60;20131.40;125497.00;0.03;2.80
2011;Oklahoma;10254.70;9065.00;19319.70;165278.00;0.05;3.80
2011;Iowa;7573.80;10798.50;18372.30;149402.00;0.03;3.10
2011;New Mexico;8118.80;9309.60;17428.50;89543.00;0.00;2.10
2011;Nebraska;2345.80;12588.00;14933.80;99050.00;0.04;1.80
2011;Mississippi;6768.40;7440.60;14209.00;96840.00;-0.01;3.00
2011;Arkansas;3748.70;9826.00;13574.80;109378.00;0.02;2.90
2011;Hawaii;7912.80;5464.20;13377.00;69689.00;0.01;1.40
2011;Rhode Island;9173.60;2770.90;11944.50;49931.00;0.00;1.10
2011;District of Columbia;0.00;11276.50;11276.50;108029.00;0.02;0.60
2011;New Hampshire;8450.20;2790.00;11240.20;64098.00;0.01;1.30
2011;West Virginia;7406.30;3585.10;10991.30;70891.00;0.02;1.90
2011;Alaska;6417.70;3685.90;10103.60;59318.00;0.04;0.70
2011;Maine;5904.20;3064.70;8969.00;51481.00;-0.01;1.30
2011;Delaware;5808.00;2450.50;8258.40;59763.00;0.02;0.90
2011;Idaho;3928.10;2235.70;6163.70;57081.00;0.00;1.60
2011;Montana;4033.40;1709.60;5742.90;40842.00;0.04;1.00
2011;South Dakota;3544.80;2180.30;5725.10;42453.00;0.07;0.80
2011;Vermont;3485.30;1143.40;4628.80;27565.00;0.03;0.60
2011;North Dakota;2060.50;2387.30;4447.80;42123.00;0.12;0.70
2011;Wyoming;1364.40;978.20;2342.60;41578.00;0.00;0.60
2010;California;148929.10;256733.50;405662.60;1960940.00;0.01;37.30
2010;New York;129529.50;186535.80;316065.30;1208080.00;0.04;19.40
2010;Texas;42033.60;211608.00;253641.60;1251490.00;0.03;25.20
2010;Florida;41324.40;109548.70;150873.10;729761.00;0.00;18.80
2010;Illinois;61360.70;74761.70;136122.50;653164.00;0.01;12.80
2010;Pennsylvania;44737.60;78891.00;123628.60;588276.00;0.02;12.70
2010;New Jersey;60968.30;37094.10;98062.40;492990.00;0.01;8.80
2010;Massachusetts;73939.70;23499.10;97438.90;399270.00;0.03;6.60
2010;Michigan;32146.30;45155.90;77302.30;387167.00;0.05;9.90
2010;Ohio;30003.60;46712.50;76716.10;494736.00;0.02;11.50
2010;Washington;27522.10;43602.20;71124.30;362114.00;0.02;6.70
2010;Virginia;25046.90;36994.60;62041.50;423506.00;0.02;8.00
2010;Georgia;13788.80;38744.80;52533.60;407999.00;0.00;9.70
2010;North Carolina;18853.20;33392.90;52246.00;417375.00;0.01;9.60
2010;Indiana;23634.60;27521.50;51156.10;283111.00;0.06;6.50
2010;Colorado;16709.50;33652.00;50361.60;258148.00;0.01;5.00
2010;Arizona;13960.20;35020.00;48980.20;247333.00;0.01;6.40
2010;Minnesota;11569.80;33685.30;45255.10;271481.00;0.03;5.30
2010;Missouri;20421.20;24186.60;44607.80;255631.00;0.01;6.00
2010;Wisconsin;22318.60;20801.10;43119.60;253801.00;0.03;5.70
2010;Maryland;24474.70;18067.50;42542.10;314471.00;0.03;5.80
2010;Kentucky;14393.30;27495.10;41888.40;165787.00;0.05;4.30
2010;South Carolina;15770.80;25667.60;41438.40;165237.00;0.02;4.60
2010;Connecticut;30364.90;10737.20;41102.10;230357.00;0.01;3.60
2010;Tennessee;5835.10;31679.80;37514.90;254343.00;0.02;6.40
2010;Louisiana;17450.40;18212.00;35662.40;231372.00;0.05;4.50
2010;Oregon;13510.00;20591.80;34101.90;191393.00;0.05;3.80
2010;Alabama;8785.20;20167.70;28952.90;176221.00;0.02;4.80
2010;Nevada;4435.80;24234.20;28670.00;119771.00;-0.01;2.70
2010;Kansas;6509.40;21263.80;27773.20;128589.00;0.03;2.90
2010;Utah;6477.90;12789.70;19267.70;119037.00;0.02;2.80
2010;Oklahoma;9963.40;8852.80;18816.20;151318.00;0.01;3.80
2010;New Mexico;8739.90;9008.50;17748.40;86195.00;0.01;2.10
2010;Iowa;7397.90;9818.40;17216.30;141382.00;0.02;3.10
2010;Nebraska;2443.00;11897.80;14340.70;91498.00;0.04;1.80
2010;Mississippi;6492.00;7368.60;13860.60;94954.00;0.01;3.00
2010;Arkansas;4246.80;9499.60;13746.40;104929.00;0.03;2.90
2010;Hawaii;7700.70;4933.80;12634.40;67539.00;0.03;1.40
2010;Rhode Island;9498.10;2700.90;12199.00;49329.00;0.02;1.10
2010;New Hampshire;8347.20;2645.20;10992.40;62679.00;0.03;1.30
2010;West Virginia;7144.30;3583.10;10727.40;66961.00;0.03;1.90
2010;District of Columbia;0.00;10330.60;10330.60;104044.00;0.03;0.60
2010;Alaska;6416.90;3702.70;10119.50;54220.00;-0.02;0.70
2010;Maine;6034.20;2905.60;8939.80;51304.00;0.01;1.30
2010;Delaware;5515.20;2261.60;7776.80;57674.00;0.01;0.90
2010;Idaho;3872.50;2258.20;6130.70;55420.00;0.01;1.60
2010;Montana;4156.60;1591.30;5747.90;37801.00;0.03;1.00
2010;South Dakota;3483.10;2016.10;5499.30;38044.00;0.02;0.80
2010;Vermont;3492.90;1073.30;4566.20;26406.00;0.04;0.60
2010;North Dakota;2198.30;2277.90;4476.20;36033.00;0.08;0.70
2010;Wyoming;1514.40;953.20;2467.60;39093.00;-0.02;0.60
2009;California;134764.90;240075.20;374840.10;1913670.00;-0.04;37.00
2009;New York;122651.60;174682.60;297334.20;1143920.00;0.02;19.30
2009;Texas;30438.20;200728.50;231166.70;1171470.00;0.00;24.80
2009;Florida;39813.90;108610.50;148424.40;721928.00;-0.06;18.70
2009;Illinois;56962.40;71343.90;128306.30;639965.00;-0.03;12.80
2009;Pennsylvania;41924.00;77379.30;119303.40;567764.00;-0.02;12.70
2009;Massachusetts;74597.90;23004.70;97602.60;382747.00;-0.02;6.50
2009;New Jersey;56897.90;35743.70;92641.60;484185.00;-0.04;8.80
2009;Michigan;31686.20;48384.70;80070.90;366401.00;-0.08;9.90
2009;Ohio;29090.50;46478.90;75569.40;477902.00;-0.05;11.50
2009;Washington;24603.20;42110.20;66713.40;351316.00;-0.02;6.70
2009;Virginia;23508.30;35234.40;58742.70;409823.00;0.01;7.90
2009;Georgia;13455.20;40113.20;53568.40;402728.00;-0.04;9.60
2009;North Carolina;19910.70;31719.90;51630.60;408913.00;-0.03;9.40
2009;Indiana;23711.90;27522.20;51234.10;263380.00;-0.06;6.50
2009;Colorado;17202.40;33078.50;50280.90;250082.00;-0.01;5.00
2009;Arizona;12324.90;36305.30;48630.20;243102.00;-0.08;6.30
2009;Minnesota;10524.40;33255.80;43780.30;259460.00;-0.04;5.30
2009;Missouri;19241.40;23355.90;42597.30;249574.00;-0.02;6.00
2009;Wisconsin;20913.40;20308.10;41221.50;245815.00;-0.03;5.70
2009;Maryland;23472.60;17387.30;40859.90;303265.00;0.00;5.70
2009;South Carolina;15313.00;24908.80;40221.80;161045.00;-0.04;4.60
2009;Kentucky;13364.10;25943.50;39307.60;156113.00;-0.04;4.30
2009;Connecticut;28394.20;9693.60;38087.70;226076.00;-0.05;3.60
2009;Tennessee;4847.80;31665.30;36513.10;247321.00;-0.04;6.30
2009;Louisiana;17504.80;17005.90;34510.70;209507.00;0.02;4.50
2009;Oregon;12678.80;20593.40;33272.20;181222.00;-0.01;3.80
2009;Alabama;8155.90;19445.80;27601.70;169586.00;-0.03;4.80
2009;Kansas;5857.30;20870.00;26727.30;122431.00;-0.04;2.80
2009;Nevada;4444.80;21453.30;25898.10;119482.00;-0.09;2.70
2009;Oklahoma;9855.40;8445.30;18300.60;143380.00;-0.02;3.70
2009;Utah;6267.90;11799.60;18067.50;114525.00;-0.01;2.70
2009;New Mexico;8001.70;8204.20;16205.90;82691.00;0.00;2.00
2009;Iowa;6353.30;9112.00;15465.30;136596.00;-0.02;3.00
2009;Nebraska;2516.80;11117.50;13634.30;86694.00;0.00;1.80
2009;Mississippi;6189.40;7251.30;13440.70;92182.00;-0.03;3.00
2009;Arkansas;4135.10;8843.90;12979.00;100098.00;-0.03;2.90
2009;Rhode Island;9180.90;2557.60;11738.60;47800.00;-0.01;1.10
2009;Hawaii;6880.20;4614.70;11495.00;64986.00;-0.04;1.30
2009;New Hampshire;8411.70;2613.60;11025.30;60681.00;-0.02;1.30
2009;Alaska;6589.70;3533.20;10122.90;50514.00;0.09;0.70
2009;West Virginia;6502.00;3372.60;9874.60;63485.00;0.00;1.80
2009;District of Columbia;0.00;9786.50;9786.50;98938.00;-0.01;0.60
2009;Delaware;5984.60;2247.40;8232.00;56374.00;0.04;0.90
2009;Maine;5297.30;2629.10;7926.40;50222.00;-0.02;1.30
2009;Montana;4469.70;1617.50;6087.20;35605.00;-0.03;1.00
2009;Idaho;3501.70;2356.50;5858.20;53832.00;-0.05;1.60
2009;South Dakota;3626.00;1929.40;5555.40;36504.00;0.01;0.80
2009;Vermont;3426.70;1009.30;4435.90;25222.00;-0.03;0.60
2009;North Dakota;1888.10;2183.10;4071.20;32364.00;0.02;0.70
2009;Wyoming;1320.90;936.20;2257.00;37214.00;-0.03;0.60
2008;California;121929.60;219098.90;341028.40;1993590.00;0.00;36.60
2008;New York;114240.20;158926.70;273166.90;1109990.00;-0.03;19.20
2008;Texas;33587.70;182810.60;216398.30;1243760.00;0.01;24.30
2008;Florida;44076.20;102424.20;146500.40;754278.00;-0.04;18.50
2008;Illinois;58436.80;65497.60;123934.40;645447.00;-0.02;12.70
2008;Pennsylvania;40100.00;79181.30;119281.40;566147.00;0.00;12.60
2008;Massachusetts;71892.30;20824.00;92716.20;384218.00;0.00;6.50
2008;New Jersey;52785.00;35184.80;87969.80;493733.00;0.00;8.70
2008;Michigan;30048.50;46181.80;76230.30;386445.00;-0.05;9.90
2008;Ohio;27306.10;42601.00;69907.10;493813.00;-0.02;11.50
2008;Washington;23524.00;41050.80;64574.80;352922.00;0.01;6.60
2008;Virginia;21293.50;32887.30;54180.80;399479.00;0.00;7.80
2008;North Carolina;19605.30;31672.30;51277.60;412889.00;0.02;9.30
2008;Georgia;12024.60;37459.80;49484.40;410778.00;-0.02;9.50
2008;Colorado;15879.40;31795.90;47675.30;255213.00;0.02;4.90
2008;Indiana;19916.30;26526.90;46443.20;275017.00;-0.01;6.40
2008;Arizona;10519.40;32977.70;43497.10;258978.00;-0.03;6.30
2008;Wisconsin;22107.10;20035.30;42142.40;245197.00;-0.01;5.60
2008;Minnesota;9538.70;32129.70;41668.30;265341.00;0.01;5.20
2008;Missouri;19740.70;21560.20;41300.90;248838.00;0.01;5.90
2008;Maryland;23120.30;17382.90;40503.20;297792.00;0.01;5.70
2008;Kentucky;12209.90;24912.10;37121.90;158732.00;0.00;4.30
2008;Connecticut;27554.20;9067.00;36621.20;231486.00;-0.04;3.50
2008;Tennessee;4366.40;31152.00;35518.40;250558.00;0.01;6.20
2008;South Carolina;15212.90;19655.70;34868.60;162676.00;-0.01;4.50
2008;Louisiana;16387.70;16772.10;33159.70;218351.00;0.00;4.40
2008;Oregon;11597.40;18545.40;30142.90;180251.00;0.06;3.80
2008;Alabama;8472.10;18496.20;26968.30;173521.00;0.00;4.70
2008;Kansas;5836.70;19558.00;25394.60;126343.00;0.01;2.80
2008;Nevada;4248.70;20618.00;24866.70;128899.00;-0.04;2.70
2008;Oklahoma;9129.80;7870.20;17000.00;155015.00;0.02;3.70
2008;Utah;5907.10;10899.10;16806.20;116615.00;-0.02;2.70
2008;Iowa;7236.00;8234.90;15470.90;136871.00;-0.02;3.00
2008;New Mexico;7763.80;6430.40;14194.20;86209.00;0.03;2.00
2008;Nebraska;2719.10;10802.90;13522.00;85574.00;0.01;1.80
2008;Mississippi;6331.00;6965.80;13296.80;94805.00;0.01;2.90
2008;Arkansas;4353.00;8635.70;12988.70;102100.00;0.01;2.90
2008;Rhode Island;8927.00;2573.70;11500.70;47447.00;-0.03;1.10
2008;Hawaii;6296.50;4437.10;10733.60;66304.00;0.01;1.30
2008;New Hampshire;7908.60;2654.50;10563.10;60164.00;-0.01;1.30
2008;Alaska;6491.70;3468.60;9960.30;55436.00;0.01;0.70
2008;West Virginia;6365.60;3419.40;9785.00;62175.00;0.03;1.80
2008;District of Columbia;0.00;9580.70;9580.70;98399.00;0.03;0.60
2008;Maine;5297.70;2673.70;7971.40;49858.00;-0.01;1.30
2008;Delaware;5722.80;2221.20;7943.90;54303.00;-0.06;0.90
2008;Montana;4924.40;1564.00;6488.40;36852.00;0.01;1.00
2008;Idaho;3379.20;2308.60;5687.80;55927.00;0.00;1.50
2008;South Dakota;3408.10;1946.20;5354.30;37014.00;0.04;0.80
2008;Vermont;3371.90;1295.40;4667.30;25303.00;0.01;0.60
2008;North Dakota;1952.00;2075.40;4027.40;32263.00;0.10;0.70
2008;Wyoming;1342.70;990.40;2333.10;43285.00;0.08;0.50
2007;California;114701.80;215835.00;330536.80;1952000.00;0.02;36.30
2007;New York;110084.80;153200.70;263285.50;1120860.00;0.00;19.10
2007;Texas;24256.50;162416.50;186673.00;1181300.00;0.05;23.80
2007;Florida;37426.50;97425.90;134852.40;773682.00;0.00;18.40
2007;Illinois;54535.20;62161.50;116696.70;648647.00;0.01;12.70
2007;Pennsylvania;37078.70;74136.90;111215.60;553105.00;0.01;12.60
2007;Massachusetts;68447.50;20827.30;89274.80;377987.00;0.03;6.40
2007;New Jersey;51384.80;34318.60;85703.40;481936.00;0.00;8.70
2007;Michigan;29304.60;44120.90;73425.50;402390.00;-0.01;10.00
2007;Ohio;26065.20;40903.10;66968.30;494917.00;0.00;11.50
2007;Washington;21058.60;40345.10;61403.60;343339.00;0.06;6.50
2007;Virginia;19403.60;31024.30;50427.80;391842.00;0.01;7.80
2007;North Carolina;19245.60;30889.40;50135.10;395708.00;0.00;9.10
2007;Georgia;10358.40;36191.40;46549.70;411730.00;0.02;9.30
2007;Colorado;14905.80;31414.70;46320.50;245169.00;0.02;4.80
2007;Wisconsin;21461.30;20039.30;41500.60;243982.00;0.00;5.60
2007;Indiana;19180.20;22069.60;41249.80;271444.00;0.02;6.40
2007;Arizona;9546.40;29568.90;39115.40;262214.00;0.03;6.20
2007;Missouri;18715.80;20203.20;38919.00;241909.00;0.00;5.90
2007;Minnesota;8866.60;29819.80;38686.40;259493.00;0.00;5.20
2007;Kentucky;11645.90;26348.00;37993.90;155486.00;-0.01;4.30
2007;Tennessee;4141.50;30812.80;34954.40;243405.00;-0.01;6.20
2007;Maryland;20911.50;13971.00;34882.50;290139.00;0.01;5.70
2007;South Carolina;14981.30;18911.10;33892.40;160949.00;0.02;4.40
2007;Connecticut;23836.20;8698.00;32534.20;235299.00;0.04;3.50
2007;Oregon;11204.40;18449.80;29654.20;170522.00;0.03;3.70
2007;Louisiana;14019.30;13673.90;27693.20;209676.00;-0.03;4.40
2007;Alabama;7059.30;17334.50;24393.90;170399.00;0.00;4.70
2007;Nevada;4140.90;17922.60;22063.50;131137.00;0.01;2.60
2007;Kansas;5893.90;15269.20;21163.10;122276.00;0.04;2.80
2007;Oklahoma;8667.10;7902.70;16569.80;144171.00;0.02;3.60
2007;Utah;5926.60;9950.50;15877.10;116019.00;0.06;2.60
2007;Iowa;6727.10;8138.30;14865.40;137377.00;0.04;3.00
2007;Mississippi;5858.30;6636.50;12494.80;91919.00;0.02;2.90
2007;New Mexico;7323.10;4878.80;12201.90;80443.00;0.00;2.00
2007;Arkansas;4508.50;7613.80;12122.30;99210.00;0.00;2.80
2007;Nebraska;2331.70;9273.00;11604.70;82918.00;0.02;1.80
2007;Rhode Island;8380.30;2126.90;10507.20;47948.00;-0.02;1.10
2007;Hawaii;6242.40;4189.10;10431.50;64775.00;0.02;1.30
2007;New Hampshire;7690.40;2562.00;10252.40;59958.00;0.00;1.30
2007;Alaska;6553.10;3390.10;9943.20;49285.00;0.05;0.70
2007;West Virginia;5628.10;3362.90;8991.00;58564.00;0.00;1.80
2007;District of Columbia;0.00;8915.80;8915.80;93695.00;0.02;0.60
2007;Maine;5326.70;2651.40;7978.10;49269.00;-0.01;1.30
2007;Delaware;5390.50;1969.40;7359.90;56805.00;-0.01;0.90
2007;Montana;4527.50;1697.50;6225.00;35676.00;0.05;1.00
2007;Idaho;2831.30;2311.30;5142.60;55010.00;0.03;1.50
2007;South Dakota;3232.50;1611.40;4843.80;34969.00;0.04;0.80
2007;Vermont;3104.20;1116.60;4220.80;24759.00;-0.01;0.60
2007;North Dakota;1792.50;1873.60;3666.00;28670.00;0.03;0.70
2007;Wyoming;1205.10;1036.50;2241.60;36763.00;0.06;0.50
2006;California;109416.60;191255.50;300672.10;1868970.00;0.03;36.00
2006;New York;105306.20;136058.30;241364.50;1083190.00;0.03;19.10
2006;Texas;24501.40;143148.20;167649.60;1094060.00;0.06;23.40
2006;Florida;29311.80;90453.50;119765.30;748021.00;0.04;18.20
2006;Illinois;53648.70;57128.30;110777.00;623535.00;0.03;12.60
2006;Pennsylvania;32121.50;74700.00;106821.50;529969.00;0.02;12.50
2006;Massachusetts;63804.00;21630.10;85434.10;359256.00;0.02;6.40
2006;New Jersey;50201.40;31480.00;81681.40;466524.00;0.02;8.70
2006;Michigan;27303.30;41840.50;69143.90;397295.00;-0.02;10.00
2006;Ohio;24713.00;38962.70;63675.70;482227.00;0.00;11.50
2006;Washington;18329.20;38326.30;56655.50;315723.00;0.03;6.40
2006;Virginia;17611.10;28776.50;46387.60;378445.00;0.02;7.70
2006;North Carolina;17749.40;26188.20;43937.60;386354.00;0.05;8.90
2006;Georgia;10493.20;31593.10;42086.40;393920.00;0.02;9.20
2006;Colorado;13043.30;26664.40;39707.70;233142.00;0.02;4.70
2006;Wisconsin;19866.20;18967.50;38833.70;236444.00;0.01;5.60
2006;Minnesota;7435.00;29183.20;36618.20;251221.00;0.00;5.20
2006;Arizona;8410.10;26039.20;34449.20;248075.00;0.06;6.00
2006;Indiana;17310.70;17023.50;34334.20;258525.00;0.02;6.30
2006;Missouri;17668.60;16280.70;33949.30;234124.00;0.01;5.80
2006;Kentucky;9775.10;22654.80;32429.90;152394.00;0.03;4.20
2006;Connecticut;24035.70;8192.30;32228.00;220994.00;0.03;3.50
2006;South Carolina;13737.10;18421.80;32159.00;152802.00;0.02;4.40
2006;Maryland;16402.50;14270.80;30673.30;278216.00;0.02;5.60
2006;Tennessee;3821.30;24346.70;28168.00;239425.00;0.02;6.10
2006;Oregon;11006.80;15911.90;26918.70;163033.00;0.09;3.70
2006;Louisiana;11735.40;12997.20;24732.60;207944.00;-0.02;4.30
2006;Alabama;6373.00;15937.40;22310.40;165131.00;0.01;4.60
2006;Nevada;4050.20;16531.10;20581.30;125387.00;0.03;2.50
2006;Kansas;5728.10;14163.10;19891.20;113738.00;0.04;2.80
2006;Utah;5931.50;9395.30;15326.80;106308.00;0.08;2.50
2006;Oklahoma;8138.00;7106.30;15244.30;136804.00;0.05;3.60
2006;Iowa;6598.30;7207.30;13805.60;128346.00;0.01;3.00
2006;Arkansas;4534.20;7280.80;11815.00;95727.00;0.03;2.80
2006;Mississippi;4870.50;6290.50;11161.00;87302.00;0.03;2.90
2006;New Mexico;6316.00;4391.40;10707.40;77536.00;0.02;2.00
2006;New Hampshire;7433.20;2518.70;9951.90;58492.00;0.01;1.30
2006;Hawaii;5791.80;3712.20;9504.00;61684.00;0.03;1.30
2006;Nebraska;2006.20;7491.40;9497.60;78581.00;0.03;1.80
2006;Alaska;6260.00;3189.10;9449.10;44867.00;0.06;0.70
2006;Rhode Island;6964.20;1980.60;8944.70;47659.00;0.02;1.10
2006;West Virginia;5406.40;3530.60;8937.00;56748.00;0.02;1.80
2006;District of Columbia;0.00;8020.40;8020.40;88502.00;0.02;0.60
2006;Maine;5000.30;2473.00;7473.30;48175.00;0.01;1.30
2006;Delaware;4181.00;1883.10;6064.10;55826.00;0.03;0.90
2006;Montana;4353.80;1433.40;5787.20;32635.00;0.03;1.00
2006;South Dakota;3146.10;1414.40;4560.50;32455.00;0.00;0.80
2006;Idaho;2455.30;1986.60;4441.90;51821.00;0.05;1.50
2006;Vermont;2982.10;871.60;3853.70;24251.00;0.01;0.60
2006;North Dakota;1770.30;1716.20;3486.50;26491.00;0.04;0.60
2006;Wyoming;982.80;964.50;1947.30;33049.00;0.12;0.50
2005;California;107372.70;179418.10;286790.90;1760510.00;0.04;35.80
2005;New York;102564.60;130325.40;232890.00;1024330.00;0.04;19.10
2005;Texas;18153.00;133947.90;152100.90;999641.00;0.02;22.80
2005;Florida;28255.10;84997.30;113252.30;700222.00;0.07;17.80
2005;Illinois;51275.50;55428.50;106704.00;588847.00;0.02;12.60
2005;Pennsylvania;27573.10;72900.50;100473.60;505091.00;0.01;12.50
2005;Massachusetts;60011.90;21996.00;82007.90;344145.00;0.02;6.40
2005;New Jersey;42313.20;30581.00;72894.10;444973.00;0.02;8.70
2005;Michigan;24361.70;42650.10;67011.70;396268.00;0.01;10.10
2005;Ohio;23176.70;37543.50;60720.30;468197.00;0.01;11.50
2005;Washington;17023.30;36025.80;53049.10;296731.00;0.06;6.30
2005;Virginia;16901.10;27634.20;44535.30;358730.00;0.05;7.60
2005;North Carolina;15773.10;25133.40;40906.50;357711.00;0.05;8.70
2005;Colorado;12744.50;26698.40;39442.90;222415.00;0.05;4.60
2005;Georgia;9245.40;29728.70;38974.10;376626.00;0.04;8.90
2005;Wisconsin;18763.20;18162.20;36925.40;226963.00;0.02;5.50
2005;Minnesota;7265.00;28997.10;36262.20;244800.00;0.03;5.10
2005;Arizona;8037.40;24792.40;32829.80;227047.00;0.08;5.80
2005;Indiana;14948.40;17175.60;32124.00;247048.00;0.00;6.30
2005;Missouri;16183.50;15149.90;31333.40;225268.00;0.02;5.80
2005;Connecticut;23206.00;8003.00;31209.00;208154.00;0.02;3.50
2005;Kentucky;8564.20;21633.00;30197.20;144174.00;0.03;4.20
2005;South Carolina;13370.00;16547.10;29917.10;144754.00;0.03;4.30
2005;Maryland;15230.50;14281.70;29512.20;264729.00;0.04;5.60
2005;Oregon;10464.20;15392.70;25857.00;147583.00;0.02;3.60
2005;Tennessee;3574.20;22219.40;25793.60;228730.00;0.01;6.00
2005;Louisiana;11501.40;13260.40;24761.90;200436.00;0.05;4.60
2005;Alabama;6261.50;16270.20;22531.70;157914.00;0.03;4.60
2005;Nevada;4075.80;14583.60;18659.40;116764.00;0.08;2.40
2005;Kansas;5117.10;12435.80;17552.90;106864.00;0.03;2.70
2005;Utah;5267.30;9563.60;14830.80;94876.00;0.06;2.50
2005;Oklahoma;7468.70;6944.30;14413.00;125106.00;0.03;3.50
2005;Iowa;4930.60;6718.40;11649.00;124021.00;0.03;3.00
2005;Arkansas;4298.40;6904.30;11202.60;90112.00;0.03;2.80
2005;New Mexico;5872.70;4570.60;10443.30;74063.00;0.01;1.90
2005;Mississippi;4328.40;5860.90;10189.30;82274.00;0.02;2.90
2005;Hawaii;5844.30;3447.80;9292.10;58123.00;0.05;1.30
2005;New Hampshire;6864.10;2428.00;9292.10;56123.00;0.03;1.30
2005;Alaska;5766.90;2991.60;8758.50;40277.00;0.03;0.70
2005;Rhode Island;6829.30;1869.40;8698.70;45250.00;0.01;1.10
2005;Nebraska;1741.60;6812.70;8554.20;74415.00;0.02;1.80
2005;West Virginia;5097.10;3419.20;8516.30;53331.00;0.03;1.80
2005;Maine;4626.60;2335.30;6961.90;46052.00;0.00;1.30
2005;District of Columbia;0.00;6741.40;6741.40;83968.00;0.02;0.60
2005;Delaware;4361.10;1875.80;6236.80;52901.00;0.02;0.80
2005;Montana;3949.10;1415.50;5364.60;30425.00;0.04;0.90
2005;Idaho;2385.70;1592.90;3978.60;47990.00;0.06;1.40
2005;South Dakota;2572.90;1266.80;3839.80;31552.00;0.01;0.80
2005;Vermont;2788.40;840.40;3628.80;23483.00;0.02;0.60
2005;North Dakota;1683.40;1630.60;3314.10;24709.00;0.03;0.60
2005;Wyoming;867.90;1031.40;1899.30;27748.00;0.04;0.50
2004;California;105519.80;164907.80;270427.60;1643910.00;0.04;35.60
2004;New York;97920.50;123485.20;221405.70;954249.00;0.03;19.20
2004;Texas;23326.30;123469.30;146795.50;922770.00;0.05;22.40
2004;Florida;26787.40;83112.80;109900.20;637113.00;0.06;17.40
2004;Illinois;48726.10;53578.20;102304.30;561117.00;0.03;12.60
2004;Pennsylvania;25995.80;70378.30;96374.10;481879.00;0.02;12.40
2004;Massachusetts;57163.30;21916.90;79080.20;329640.00;0.02;6.40
2004;New Jersey;40640.20;28502.10;69142.30;423953.00;0.02;8.60
2004;Michigan;25018.00;36649.30;61667.30;383545.00;0.00;10.10
2004;Ohio;21840.20;35714.90;57555.00;450842.00;0.03;11.50
2004;Washington;15773.70;34596.50;50370.20;271676.00;0.02;6.20
2004;Virginia;15394.60;24691.80;40086.40;330412.00;0.04;7.50
2004;North Carolina;14102.90;23870.60;37973.50;332598.00;0.03;8.60
2004;Wisconsin;17727.30;17621.60;35348.90;216716.00;0.03;5.50
2004;Georgia;8664.40;26183.70;34848.10;353025.00;0.03;8.80
2004;Colorado;9964.10;23966.30;33930.40;205347.00;0.02;4.60
2004;Minnesota;6665.70;27004.50;33670.20;231904.00;0.03;5.10
2004;Indiana;14698.20;16503.10;31201.30;240428.00;0.04;6.20
2004;Connecticut;22932.90;7941.30;30874.30;198921.00;0.07;3.50
2004;Missouri;16218.40;14189.90;30408.30;215895.00;0.02;5.70
2004;Arizona;6773.90;23069.60;29843.50;204659.00;0.04;5.70
2004;Maryland;15243.40;14194.00;29437.30;247461.00;0.05;5.50
2004;Kentucky;8116.50;21026.30;29142.70;135994.00;0.02;4.10
2004;South Carolina;11883.90;14776.90;26660.80;136875.00;0.01;4.20
2004;Oregon;10495.70;14257.50;24753.20;142516.00;0.09;3.60
2004;Tennessee;3580.90;20864.10;24445.00;220543.00;0.04;5.90
2004;Louisiana;10182.90;11982.50;22165.50;172623.00;0.04;4.60
2004;Alabama;6363.90;15265.40;21629.30;148769.00;0.06;4.50
2004;Nevada;3845.60;14243.80;18089.40;103446.00;0.11;2.30
2004;Kansas;4571.90;11523.00;16094.90;101343.00;0.01;2.70
2004;Utah;4962.10;9303.00;14265.20;86495.00;0.05;2.40
2004;Oklahoma;7013.40;6335.30;13348.70;114160.00;0.03;3.50
2004;Iowa;4857.60;6477.80;11335.40;118710.00;0.08;3.00
2004;Arkansas;3741.60;6659.90;10401.50;85315.00;0.05;2.70
2004;Mississippi;4378.80;5913.90;10292.70;78169.00;0.02;2.90
2004;New Mexico;5411.30;4313.10;9724.40;70121.00;0.06;1.90
2004;Hawaii;5746.20;3360.30;9106.50;53306.00;0.06;1.30
2004;Nebraska;1949.70;6879.20;8828.90;71322.00;0.02;1.70
2004;New Hampshire;6528.20;2240.40;8768.70;53148.00;0.03;1.30
2004;Alaska;5688.40;2895.30;8583.70;35510.00;0.04;0.70
2004;Rhode Island;6482.70;1746.00;8228.70;43513.00;0.04;1.10
2004;West Virginia;4634.90;3468.60;8103.40;49409.00;0.02;1.80
2004;Maine;4644.00;2275.50;6919.50;44617.00;0.04;1.30
2004;District of Columbia;0.00;6480.70;6480.70;79564.00;0.04;0.60
2004;Delaware;4205.00;1892.40;6097.50;50618.00;0.07;0.80
2004;Montana;3048.90;1248.00;4296.90;27979.00;0.04;0.90
2004;Idaho;2383.80;1637.40;4021.20;44445.00;0.05;1.40
2004;South Dakota;2613.10;1235.50;3848.60;30789.00;0.03;0.80
2004;Vermont;2537.10;790.00;3327.10;22538.00;0.04;0.60
2004;North Dakota;1667.90;1480.30;3148.20;23396.00;0.01;0.60
2004;Wyoming;909.50;925.80;1835.40;23705.00;0.04;0.50